{
  "d1_bootstrap_cis": {
    "cognee": {
      "mean": 0.4436,
      "ci_low": 0.425,
      "ci_high": 0.4627,
      "n_scopes": 6,
      "scope_values": {
        "01": 0.48770833333333335,
        "02": 0.44666666666666666,
        "03": 0.42000000000000004,
        "04": 0.44625000000000004,
        "05": 0.41125,
        "06": 0.4495833333333334
      }
    },
    "compaction": {
      "mean": 0.3,
      "ci_low": 0.1683,
      "ci_high": 0.4063,
      "n_scopes": 6,
      "scope_values": {
        "01": 0.3662331349206349,
        "02": 0.0,
        "04": 0.4400679563492064,
        "03": 0.22668402777777777,
        "05": 0.44543923611111114,
        "06": 0.3216951884920635
      }
    },
    "graphiti": {
      "mean": 0.4594,
      "ci_low": 0.3066,
      "ci_high": 0.5529,
      "n_scopes": 3,
      "scope_values": {
        "01": 0.5187475198412699,
        "02": 0.30661111111111106,
        "06": 0.5529042658730159
      }
    },
    "letta": {
      "mean": 0.3661,
      "ci_low": 0.3039,
      "ci_high": 0.4275,
      "n_scopes": 6,
      "scope_values": {
        "01": 0.35118650793650796,
        "02": 0.3924340277777778,
        "03": 0.2903368055555556,
        "04": 0.46562499999999996,
        "05": 0.44687499999999997,
        "06": 0.24984499007936511
      }
    },
    "letta-sleepy": {
      "mean": 0.3476,
      "ci_low": 0.2846,
      "ci_high": 0.411,
      "n_scopes": 6,
      "scope_values": {
        "01": 0.35498363095238095,
        "02": 0.3577361111111111,
        "03": 0.24852726715686277,
        "04": 0.46776602564102565,
        "05": 0.4075641025641026,
        "06": 0.24897885101010103
      }
    },
    "mem0-raw": {
      "mean": 0.3684,
      "ci_low": 0.3035,
      "ci_high": 0.4195,
      "n_scopes": 6,
      "scope_values": {
        "01": 0.4001061507936508,
        "02": 0.401953125,
        "03": 0.2193784722222222,
        "04": 0.45650173611111117,
        "05": 0.37171006944444446,
        "06": 0.3608395337301587
      }
    },
    "null": {
      "mean": 0.0,
      "ci_low": 0.0,
      "ci_high": 0.0,
      "n_scopes": 6,
      "scope_values": {
        "02": 0.0,
        "01": 0.0,
        "03": 0.0,
        "05": 0.0,
        "04": 0.0,
        "06": 0.0
      }
    },
    "sqlite-chunked-hybrid": {
      "mean": 0.4915,
      "ci_low": 0.429,
      "ci_high": 0.5636,
      "n_scopes": 6,
      "scope_values": {
        "02": 0.5787899305555555,
        "01": 0.4660739087301588,
        "03": 0.39673437500000003,
        "04": 0.6289097222222221,
        "06": 0.4579451884920635,
        "05": 0.4205399305555556
      }
    }
  },
  "d1_pairwise_tests": [
    {
      "adapter_a": "cognee",
      "adapter_b": "compaction",
      "mean_a": 0.4436,
      "mean_b": 0.3,
      "statistic": 2.0,
      "p_value": 0.0938,
      "effect_size": 0.8095,
      "n_scopes": 6,
      "sig": ""
    },
    {
      "adapter_a": "cognee",
      "adapter_b": "graphiti",
      "mean_a": 0.4613,
      "mean_b": 0.4594,
      "statistic": 3.0,
      "p_value": 1.0,
      "effect_size": 0.0,
      "n_scopes": 3,
      "sig": ""
    },
    {
      "adapter_a": "cognee",
      "adapter_b": "letta",
      "mean_a": 0.4436,
      "mean_b": 0.3661,
      "statistic": 3.0,
      "p_value": 0.1562,
      "effect_size": 0.7143,
      "n_scopes": 6,
      "sig": ""
    },
    {
      "adapter_a": "cognee",
      "adapter_b": "letta-sleepy",
      "mean_a": 0.4436,
      "mean_b": 0.3476,
      "statistic": 2.0,
      "p_value": 0.0938,
      "effect_size": 0.8095,
      "n_scopes": 6,
      "sig": ""
    },
    {
      "adapter_a": "cognee",
      "adapter_b": "mem0-raw",
      "mean_a": 0.4436,
      "mean_b": 0.3684,
      "statistic": 1.0,
      "p_value": 0.0625,
      "effect_size": 0.9048,
      "n_scopes": 6,
      "sig": ""
    },
    {
      "adapter_a": "cognee",
      "adapter_b": "null",
      "mean_a": 0.4436,
      "mean_b": 0.0,
      "statistic": 0.0,
      "p_value": 0.0312,
      "effect_size": 1.0,
      "n_scopes": 6,
      "sig": "*"
    },
    {
      "adapter_a": "cognee",
      "adapter_b": "sqlite-chunked-hybrid",
      "mean_a": 0.4436,
      "mean_b": 0.4915,
      "statistic": 7.0,
      "p_value": 0.5625,
      "effect_size": -0.3333,
      "n_scopes": 6,
      "sig": ""
    },
    {
      "adapter_a": "compaction",
      "adapter_b": "graphiti",
      "mean_a": 0.2293,
      "mean_b": 0.4594,
      "statistic": 0.0,
      "p_value": 0.25,
      "effect_size": -1.0,
      "n_scopes": 3,
      "sig": ""
    },
    {
      "adapter_a": "compaction",
      "adapter_b": "letta",
      "mean_a": 0.3,
      "mean_b": 0.3661,
      "statistic": 7.0,
      "p_value": 0.5625,
      "effect_size": -0.3333,
      "n_scopes": 6,
      "sig": ""
    },
    {
      "adapter_a": "compaction",
      "adapter_b": "letta-sleepy",
      "mean_a": 0.3,
      "mean_b": 0.3476,
      "statistic": 10.0,
      "p_value": 1.0,
      "effect_size": -0.0476,
      "n_scopes": 6,
      "sig": ""
    },
    {
      "adapter_a": "compaction",
      "adapter_b": "mem0-raw",
      "mean_a": 0.3,
      "mean_b": 0.3684,
      "statistic": 6.0,
      "p_value": 0.4375,
      "effect_size": -0.4286,
      "n_scopes": 6,
      "sig": ""
    },
    {
      "adapter_a": "compaction",
      "adapter_b": "null",
      "mean_a": 0.3,
      "mean_b": 0.0,
      "statistic": 0.0,
      "p_value": 0.0625,
      "effect_size": 1.0,
      "n_scopes": 6,
      "sig": ""
    },
    {
      "adapter_a": "compaction",
      "adapter_b": "sqlite-chunked-hybrid",
      "mean_a": 0.3,
      "mean_b": 0.4915,
      "statistic": 1.0,
      "p_value": 0.0625,
      "effect_size": -0.9048,
      "n_scopes": 6,
      "sig": ""
    },
    {
      "adapter_a": "graphiti",
      "adapter_b": "letta",
      "mean_a": 0.4594,
      "mean_b": 0.3312,
      "statistic": 1.0,
      "p_value": 0.5,
      "effect_size": 0.6667,
      "n_scopes": 3,
      "sig": ""
    },
    {
      "adapter_a": "graphiti",
      "adapter_b": "letta-sleepy",
      "mean_a": 0.4594,
      "mean_b": 0.3206,
      "statistic": 1.0,
      "p_value": 0.5,
      "effect_size": 0.6667,
      "n_scopes": 3,
      "sig": ""
    },
    {
      "adapter_a": "graphiti",
      "adapter_b": "mem0-raw",
      "mean_a": 0.4594,
      "mean_b": 0.3876,
      "statistic": 1.0,
      "p_value": 0.5,
      "effect_size": 0.6667,
      "n_scopes": 3,
      "sig": ""
    },
    {
      "adapter_a": "graphiti",
      "adapter_b": "null",
      "mean_a": 0.4594,
      "mean_b": 0.0,
      "statistic": 0.0,
      "p_value": 0.25,
      "effect_size": 1.0,
      "n_scopes": 3,
      "sig": ""
    },
    {
      "adapter_a": "graphiti",
      "adapter_b": "sqlite-chunked-hybrid",
      "mean_a": 0.4594,
      "mean_b": 0.5009,
      "statistic": 3.0,
      "p_value": 1.0,
      "effect_size": 0.0,
      "n_scopes": 3,
      "sig": ""
    },
    {
      "adapter_a": "letta",
      "adapter_b": "letta-sleepy",
      "mean_a": 0.3661,
      "mean_b": 0.3476,
      "statistic": 5.0,
      "p_value": 0.3125,
      "effect_size": 0.5238,
      "n_scopes": 6,
      "sig": ""
    },
    {
      "adapter_a": "letta",
      "adapter_b": "mem0-raw",
      "mean_a": 0.3661,
      "mean_b": 0.3684,
      "statistic": 10.0,
      "p_value": 1.0,
      "effect_size": -0.0476,
      "n_scopes": 6,
      "sig": ""
    },
    {
      "adapter_a": "letta",
      "adapter_b": "null",
      "mean_a": 0.3661,
      "mean_b": 0.0,
      "statistic": 0.0,
      "p_value": 0.0312,
      "effect_size": 1.0,
      "n_scopes": 6,
      "sig": "*"
    },
    {
      "adapter_a": "letta",
      "adapter_b": "sqlite-chunked-hybrid",
      "mean_a": 0.3661,
      "mean_b": 0.4915,
      "statistic": 1.0,
      "p_value": 0.0625,
      "effect_size": -0.9048,
      "n_scopes": 6,
      "sig": ""
    },
    {
      "adapter_a": "letta-sleepy",
      "adapter_b": "mem0-raw",
      "mean_a": 0.3476,
      "mean_b": 0.3684,