{
  "d1_bootstrap_cis": {
    "cognee": {
      "mean": 0.5,
      "ci_low": 0.5,
      "ci_high": 0.5,
      "n_scopes": 6,
      "scope_values": {
        "01": 0.5,
        "02": 0.5,
        "03": 0.5,
        "04": 0.5,
        "05": 0.5,
        "06": 0.5
      }
    },
    "compaction": {
      "mean": 0.2893,
      "ci_low": 0.2202,
      "ci_high": 0.3645,
      "n_scopes": 6,
      "scope_values": {
        "01": 0.41210317460317464,
        "03": 0.19357638888888887,
        "02": 0.20486111111111113,
        "04": 0.33358134920634924,
        "05": 0.39409722222222227,
        "06": 0.19779265873015872
      }
    },
    "graphiti": {
      "mean": 0.3584,
      "ci_low": 0.1684,
      "ci_high": 0.5,
      "n_scopes": 3,
      "scope_values": {
        "01": 0.4068452380952381,
        "02": 0.1684027777777778,
        "06": 0.5
      }
    },
    "letta": {
      "mean": 0.3129,
      "ci_low": 0.2113,
      "ci_high": 0.416,
      "n_scopes": 6,
      "scope_values": {
        "01": 0.21805555555555556,
        "02": 0.2777777777777778,
        "03": 0.17274305555555555,
        "04": 0.5,
        "05": 0.5,
        "06": 0.20870535714285712
      }
    },
    "letta-sleepy": {
      "mean": 0.3118,
      "ci_low": 0.212,
      "ci_high": 0.4107,
      "n_scopes": 6,
      "scope_values": {
        "01": 0.19722222222222222,
        "02": 0.24965277777777775,
        "03": 0.20920138888888887,
        "04": 0.5,
        "05": 0.5,
        "06": 0.2146577380952381
      }
    },
    "mem0-raw": {
      "mean": 0.3182,
      "ci_low": 0.2309,
      "ci_high": 0.4091,
      "n_scopes": 6,
      "scope_values": {
        "01": 0.3090277777777778,
        "02": 0.2977430555555555,
        "03": 0.17378472222222222,
        "04": 0.4375,
        "05": 0.48090277777777773,
        "06": 0.2099454365079365
      }
    },
    "null": {
      "mean": 0.1195,
      "ci_low": 0.1082,
      "ci_high": 0.131,
      "n_scopes": 6,
      "scope_values": {
        "02": 0.1076388888888889,
        "01": 0.10138888888888888,
        "03": 0.1423611111111111,
        "06": 0.10900297619047618,
        "05": 0.12812500000000002,
        "04": 0.12847222222222224
      }
    },
    "sqlite-chunked-hybrid": {
      "mean": 0.421,
      "ci_low": 0.3734,
      "ci_high": 0.4703,
      "n_scopes": 6,
      "scope_values": {
        "01": 0.36835317460317457,
        "02": 0.4192708333333333,
        "03": 0.3444444444444445,
        "04": 0.4920138888888889,
        "05": 0.5069444444444444,
        "06": 0.39508928571428575
      }
    }
  },
  "d1_pairwise_tests": [
    {
      "adapter_a": "cognee",
      "adapter_b": "compaction",
      "mean_a": 0.5,
      "mean_b": 0.2893,
      "statistic": 0.0,
      "p_value": 0.0312,
      "effect_size": 1.0,
      "n_scopes": 6,
      "sig": "*"
    },
    {
      "adapter_a": "cognee",
      "adapter_b": "graphiti",
      "mean_a": 0.5,
      "mean_b": 0.3584,
      "statistic": 0.0,
      "p_value": 1.0,
      "effect_size": 1.0,
      "n_scopes": 3,
      "sig": ""
    },
    {
      "adapter_a": "cognee",
      "adapter_b": "letta",
      "mean_a": 0.5,
      "mean_b": 0.3129,
      "statistic": 0.0,
      "p_value": 0.125,
      "effect_size": 1.0,
      "n_scopes": 6,
      "sig": ""
    },
    {
      "adapter_a": "cognee",
      "adapter_b": "letta-sleepy",
      "mean_a": 0.5,
      "mean_b": 0.3118,
      "statistic": 0.0,
      "p_value": 0.125,
      "effect_size": 1.0,
      "n_scopes": 6,
      "sig": ""
    },
    {
      "adapter_a": "cognee",
      "adapter_b": "mem0-raw",
      "mean_a": 0.5,
      "mean_b": 0.3182,
      "statistic": 0.0,
      "p_value": 0.0312,
      "effect_size": 1.0,
      "n_scopes": 6,
      "sig": "*"
    },
    {
      "adapter_a": "cognee",
      "adapter_b": "null",
      "mean_a": 0.5,
      "mean_b": 0.1195,
      "statistic": 0.0,
      "p_value": 0.0312,
      "effect_size": 1.0,
      "n_scopes": 6,
      "sig": "*"
    },
    {
      "adapter_a": "cognee",
      "adapter_b": "sqlite-chunked-hybrid",
      "mean_a": 0.5,
      "mean_b": 0.421,
      "statistic": 1.0,
      "p_value": 0.0625,
      "effect_size": 0.9048,
      "n_scopes": 6,
      "sig": ""
    },
    {
      "adapter_a": "compaction",
      "adapter_b": "graphiti",
      "mean_a": 0.2716,
      "mean_b": 0.3584,
      "statistic": 3.0,
      "p_value": 1.0,
      "effect_size": 0.0,
      "n_scopes": 3,
      "sig": ""
    },
    {
      "adapter_a": "compaction",
      "adapter_b": "letta",
      "mean_a": 0.2893,
      "mean_b": 0.3129,
      "statistic": 8.0,
      "p_value": 0.6875,
      "effect_size": -0.2381,
      "n_scopes": 6,
      "sig": ""
    },
    {
      "adapter_a": "compaction",
      "adapter_b": "letta-sleepy",
      "mean_a": 0.2893,
      "mean_b": 0.3118,
      "statistic": 6.0,
      "p_value": 0.4375,
      "effect_size": -0.4286,
      "n_scopes": 6,
      "sig": ""
    },
    {
      "adapter_a": "compaction",
      "adapter_b": "mem0-raw",
      "mean_a": 0.2893,
      "mean_b": 0.3182,
      "statistic": 7.0,
      "p_value": 0.5625,
      "effect_size": -0.3333,
      "n_scopes": 6,
      "sig": ""
    },
    {
      "adapter_a": "compaction",
      "adapter_b": "null",
      "mean_a": 0.2893,
      "mean_b": 0.1195,
      "statistic": 0.0,
      "p_value": 0.0312,
      "effect_size": 1.0,
      "n_scopes": 6,
      "sig": "*"
    },
    {
      "adapter_a": "compaction",
      "adapter_b": "sqlite-chunked-hybrid",
      "mean_a": 0.2893,
      "mean_b": 0.421,
      "statistic": 1.0,
      "p_value": 0.0625,
      "effect_size": -0.9048,
      "n_scopes": 6,
      "sig": ""
    },
    {
      "adapter_a": "graphiti",
      "adapter_b": "letta",
      "mean_a": 0.3584,
      "mean_b": 0.2348,
      "statistic": 1.0,
      "p_value": 0.5,
      "effect_size": 0.6667,
      "n_scopes": 3,
      "sig": ""
    },
    {
      "adapter_a": "graphiti",
      "adapter_b": "letta-sleepy",
      "mean_a": 0.3584,
      "mean_b": 0.2205,
      "statistic": 1.0,
      "p_value": 0.5,
      "effect_size": 0.6667,
      "n_scopes": 3,
      "sig": ""
    },
    {
      "adapter_a": "graphiti",
      "adapter_b": "mem0-raw",
      "mean_a": 0.3584,
      "mean_b": 0.2722,
      "statistic": 2.0,
      "p_value": 0.75,
      "effect_size": 0.3333,
      "n_scopes": 3,
      "sig": ""
    },
    {
      "adapter_a": "graphiti",
      "adapter_b": "null",
      "mean_a": 0.3584,
      "mean_b": 0.106,
      "statistic": 0.0,
      "p_value": 0.25,
      "effect_size": 1.0,
      "n_scopes": 3,
      "sig": ""
    },
    {
      "adapter_a": "graphiti",
      "adapter_b": "sqlite-chunked-hybrid",
      "mean_a": 0.3584,
      "mean_b": 0.3942,
      "statistic": 3.0,
      "p_value": 1.0,
      "effect_size": 0.0,
      "n_scopes": 3,
      "sig": ""
    },
    {
      "adapter_a": "letta",
      "adapter_b": "letta-sleepy",
      "mean_a": 0.3129,
      "mean_b": 0.3118,
      "statistic": 5.0,
      "p_value": 1.0,
      "effect_size": 0.0,
      "n_scopes": 6,
      "sig": ""
    },
    {
      "adapter_a": "letta",
      "adapter_b": "mem0-raw",
      "mean_a": 0.3129,
      "mean_b": 0.3182,
      "statistic": 8.0,
      "p_value": 0.6875,
      "effect_size": -0.2381,
      "n_scopes": 6,
      "sig": ""
    },
    {
      "adapter_a": "letta",
      "adapter_b": "null",
      "mean_a": 0.3129,
      "mean_b": 0.1195,
      "statistic": 0.0,
      "p_value": 0.0312,
      "effect_size": 1.0,
      "n_scopes": 6,
      "sig": "*"
    },
    {
      "adapter_a": "letta",
      "adapter_b": "sqlite-chunked-hybrid",
      "mean_a": 0.3129,
      "mean_b": 0.421,
      "statistic": 2.0,
      "p_value": 0.0938,
      "effect_size": -0.8095,
      "n_scopes": 6,
      "sig": ""
    },
    {
      "adapter_a": "letta-sleepy",
      "adapter_b": "mem0-raw",
      "mean_a": 0.3118,
      "mean_b": 0.3182,
      "statistic": 10.0,
      "p_value": 1.0,
      "effect_size": 0.0476,