{
  "bootstrap_cis": {
    "chunked-hybrid/2k": {
      "mean": 0.34730333333333335,
      "ci_low": 0.29517675,
      "ci_high": 0.40091520833333333
    },
    "chunked-hybrid/4k": {
      "mean": 0.3012875,
      "ci_low": 0.2504677916666667,
      "ci_high": 0.35350429166666664
    },
    "compaction/2k": {
      "mean": 0.7345283333333333,
      "ci_low": 0.6758386249999999,
      "ci_high": 0.790948
    },
    "compaction/4k": {
      "mean": 0.7113008333333333,
      "ci_low": 0.6523579375,
      "ci_high": 0.7668500624999999
    },
    "null/2k": {
      "mean": 0.06672833333333333,
      "ci_low": 0.048365,
      "ci_high": 0.08579189583333333
    },
    "null/4k": {
      "mean": 0.07096333333333332,
      "ci_low": 0.05339904166666667,
      "ci_high": 0.08926677083333333
    }
  },
  "verdict": {
    "best_adapter_2k": "compaction/2k",
    "best_nba_2k": 0.7345283333333333,
    "null_nba_2k": 0.06672833333333333
  }
}
