{
  "d1_bootstrap_cis": {
    "compaction": {
      "mean": 0.2893,
      "ci_low": 0.2202,
      "ci_high": 0.3644,
      "n_scopes": 6,
      "scope_values": {
        "01": 0.41210317460317464,
        "03": 0.19357638888888887,
        "02": 0.20486111111111113,
        "04": 0.33358134920634924,
        "05": 0.39409722222222227,
        "06": 0.19779265873015872
      }
    },
    "letta": {
      "mean": 0.2479,
      "ci_low": 0.2181,
      "ci_high": 0.2778,
      "n_scopes": 2,
      "scope_values": {
        "01": 0.21805555555555556,
        "02": 0.2777777777777778
      }
    },
    "mem0-raw": {
      "mean": 0.3182,
      "ci_low": 0.2309,
      "ci_high": 0.4091,
      "n_scopes": 6,
      "scope_values": {
        "01": 0.3090277777777778,
        "02": 0.2977430555555555,
        "03": 0.17378472222222222,
        "04": 0.4375,
        "05": 0.48090277777777773,
        "06": 0.2099454365079365
      }
    },
    "null": {
      "mean": 0.1195,
      "ci_low": 0.1082,
      "ci_high": 0.1312,
      "n_scopes": 6,
      "scope_values": {
        "02": 0.1076388888888889,
        "01": 0.10138888888888888,
        "03": 0.1423611111111111,
        "06": 0.10900297619047618,
        "05": 0.12812500000000002,
        "04": 0.12847222222222224
      }
    },
    "sqlite-chunked-hybrid": {
      "mean": 0.421,
      "ci_low": 0.3738,
      "ci_high": 0.4687,
      "n_scopes": 6,
      "scope_values": {
        "01": 0.36835317460317457,
        "02": 0.4192708333333333,
        "03": 0.3444444444444445,
        "04": 0.4920138888888889,
        "05": 0.5069444444444444,
        "06": 0.39508928571428575
      }
    }
  },
  "d1_pairwise_tests": [
    {
      "adapter_a": "compaction",
      "adapter_b": "mem0-raw",
      "mean_a": 0.2893,
      "mean_b": 0.3182,
      "statistic": 7.0,
      "p_value": 0.5625,
      "effect_size": -0.3333,
      "n_scopes": 6,
      "sig": ""
    },
    {
      "adapter_a": "compaction",
      "adapter_b": "null",
      "mean_a": 0.2893,
      "mean_b": 0.1195,
      "statistic": 0.0,
      "p_value": 0.0312,
      "effect_size": 1.0,
      "n_scopes": 6,
      "sig": "*"
    },
    {
      "adapter_a": "compaction",
      "adapter_b": "sqlite-chunked-hybrid",
      "mean_a": 0.2893,
      "mean_b": 0.421,
      "statistic": 1.0,
      "p_value": 0.0625,
      "effect_size": -0.9048,
      "n_scopes": 6,
      "sig": ""
    },
    {
      "adapter_a": "mem0-raw",
      "adapter_b": "null",
      "mean_a": 0.3182,
      "mean_b": 0.1195,
      "statistic": 0.0,
      "p_value": 0.0312,
      "effect_size": 1.0,
      "n_scopes": 6,
      "sig": "*"
    },
    {
      "adapter_a": "mem0-raw",
      "adapter_b": "sqlite-chunked-hybrid",
      "mean_a": 0.3182,
      "mean_b": 0.421,
      "statistic": 0.0,
      "p_value": 0.0312,
      "effect_size": -1.0,
      "n_scopes": 6,
      "sig": "*"
    },
    {
      "adapter_a": "null",
      "adapter_b": "sqlite-chunked-hybrid",
      "mean_a": 0.1195,
      "mean_b": 0.421,
      "statistic": 0.0,
      "p_value": 0.0312,
      "effect_size": -1.0,
      "n_scopes": 6,
      "sig": "*"
    }
  ],
  "d2_kendalls_w": 0.6833333333333333,
  "d4_question_types": {
    "action": {
      "compaction": {
        "mean_nba": 0.3125,
        "std": 0.2066,
        "n_questions": 6
      },
      "letta": {
        "mean_nba": 0.5104,
        "std": 0.4271,
        "n_questions": 2
      },
      "mem0-raw": {
        "mean_nba": 0.4305,
        "std": 0.3376,
        "n_questions": 6
      },
      "null": {
        "mean_nba": 0.2014,
        "std": 0.2262,
        "n_questions": 6
      },
      "sqlite-chunked-hybrid": {
        "mean_nba": 0.6945,
        "std": 0.3251,
        "n_questions": 6
      }
    },
    "counterfactual": {
      "compaction": {
        "mean_nba": 0.2882,
        "std": 0.3646,
        "n_questions": 12
      },
      "letta": {
        "mean_nba": 0.625,
        "std": 0.4146,
        "n_questions": 4
      },
      "mem0-raw": {
        "mean_nba": 0.5257,
        "std": 0.4264,
        "n_questions": 12
      },
      "null": {
        "mean_nba": 0.0556,
        "std": 0.1843,
        "n_questions": 12
      },
      "sqlite-chunked-hybrid": {
        "mean_nba": 0.4424,
        "std": 0.3846,
        "n_questions": 12
      }
    },
    "distractor": {
      "compaction": {
        "mean_nba": 0.1637,
        "std": 0.1935,
        "n_questions": 18
      },
      "letta": {
        "mean_nba": 0.184,
        "std": 0.1694,
        "n_questions": 6
      },
      "mem0-raw": {
        "mean_nba": 0.2912,
        "std": 0.3012,
        "n_questions": 18
      },
      "null": {
        "mean_nba": 0.1306,
        "std": 0.1986,
        "n_questions": 18
      },
      "sqlite-chunked-hybrid": {
        "mean_nba": 0.4502,
        "std": 0.2649,
        "n_questions": 18
      }
    },
    "evidence": {
      "compaction": {
        "mean_nba": 0.4335,
        "std": 0.276,
        "n_questions": 6
      },
      "letta": {
        "mean_nba": 0.5,
        "std": 0.0,
        "n_questions": 2
      },
      "mem0-raw": {
        "mean_nba": 0.5203,
        "std": 0.3887,
        "n_questions": 6
      },
      "null": {
        "mean_nba": 0.1696,
        "std": 0.1712,
        "n_questions": 6
      },
      "sqlite-chunked-hybrid": {
        "mean_nba": 0.7401,
        "std": 0.2755,
        "n_questions": 6
      }
    },
    "longitudinal": {
      "compaction": {
        "mean_nba": 0.4228,
        "std": 0.3617,
        "n_questions": 18
      },
      "letta": {
        "mean_nba": 0.2088,
        "std": 0.1962,
        "n_questions": 6
      },
      "mem0-raw": {
        "mean_nba": 0.4137,
        "std": 0.3191,
        "n_questions": 18
      },
      "null": {
        "mean_nba": 0.1854,
        "std": 0.2423,
        "n_questions": 18
      },
      "sqlite-chunked-hybrid": {
        "mean_nba": 0.722,
        "std": 0.3217,
        "n_questions": 18
      }
    },
    "negative": {
      "compaction": {
        "mean_nba": 0.3125,
        "std": 0.2215,
        "n_questions": 18
      },
      "letta": {
        "mean_nba": 0.2292,
        "std": 0.2543,
        "n_questions": 6
      },
      "mem0-raw": {
        "mean_nba": 0.3611,
        "std": 0.303,
        "n_questions": 18
      },
      "null": {
        "mean_nba": 0.3056,
        "std": 0.2576,
        "n_questions": 18
      },
      "sqlite-chunked-hybrid": {
        "mean_nba": 0.3889,
        "std": 0.2792,
        "n_questions": 18
      }
    },
    "paraphrase": {
      "compaction": {
        "mean_nba": 0.3888,
        "std": 0.3676,
        "n_questions": 18
      },
      "letta": {
        "mean_nba": 0.2188,
        "std": 0.1547,
        "n_questions": 6
      },
      "mem0-raw": {
        "mean_nba": 0.3326,
        "std": 0.3224,
        "n_questions": 18
      },
      "null": {
        "mean_nba": 0.1945,
        "std": 0.2029,
        "n_questions": 18
      },
      "sqlite-chunked-hybrid": {
        "mean_nba": 0.5221,
        "std": 0.4346,
        "n_questions": 18
      }
    },
    "severity": {
      "compaction": {
        "mean_nba": 0.7014,
        "std": 0.3159,
        "n_questions": 6
      },
      "letta": {
        "mean_nba": 0.3333,
        "std": 0.1667,
        "n_questions": 2
      },
      "mem0-raw": {
        "mean_nba": 0.4618,
        "std": 0.3876,
        "n_questions": 6
      },
      "null": {
        "mean_nba": 0.0555,
        "std": 0.0921,
        "n_questions": 6
      },
      "sqlite-chunked-hybrid": {
        "mean_nba": 0.7222,
        "std": 0.3685,
        "n_questions": 6
      }
    },
    "temporal": {
      "compaction": {
        "mean_nba": 0.2107,
        "std": 0.2922,
        "n_questions": 18
      },
      "letta": {
        "mean_nba": 0.2889,
        "std": 0.3201,
        "n_questions": 6
      },
      "mem0-raw": {
        "mean_nba": 0.3333,
        "std": 0.3827,