{
  "d1_bootstrap_cis": {
    "cognee": {
      "mean": 0.4208,
      "ci_low": 0.3965,
      "ci_high": 0.4458,
      "n_scopes": 6,
      "scope_values": {
        "01": 0.438125,
        "02": 0.4016666666666667,
        "03": 0.37374999999999997,
        "04": 0.47125,
        "05": 0.41770833333333335,
        "06": 0.42250000000000004
      }
    },
    "compaction": {
      "mean": 0.2448,
      "ci_low": 0.1368,
      "ci_high": 0.3281,
      "n_scopes": 6,
      "scope_values": {
        "01": 0.33851537698412704,
        "03": 0.19805034722222226,
        "02": 0.0,
        "04": 0.3635294011544012,
        "05": 0.3094166666666667,
        "06": 0.25939608134920633
      }
    },
    "graphiti": {
      "mean": 0.3926,
      "ci_low": 0.2198,
      "ci_high": 0.4908,
      "n_scopes": 3,
      "scope_values": {
        "01": 0.49081498015873015,
        "02": 0.21980034722222222,
        "06": 0.46729166666666666
      }
    },
    "letta": {
      "mean": 0.3266,
      "ci_low": 0.2582,
      "ci_high": 0.3994,
      "n_scopes": 6,
      "scope_values": {
        "01": 0.28828323412698414,
        "02": 0.33763888888888893,
        "03": 0.21538541666666666,
        "04": 0.4547916666666667,
        "05": 0.4241666666666667,
        "06": 0.23934399801587303
      }
    },
    "letta-sleepy": {
      "mean": 0.3221,
      "ci_low": 0.2682,
      "ci_high": 0.3807,
      "n_scopes": 6,
      "scope_values": {
        "01": 0.2999695165945166,
        "02": 0.313,
        "03": 0.25212847222222223,
        "04": 0.45108974358974363,
        "05": 0.3766203703703704,
        "06": 0.2399342757936508
      }
    },
    "mem0-raw": {
      "mean": 0.3295,
      "ci_low": 0.2651,
      "ci_high": 0.3881,
      "n_scopes": 6,
      "scope_values": {
        "01": 0.3454246031746032,
        "02": 0.3202048611111111,
        "03": 0.1861961805555556,
        "04": 0.41876909722222233,
        "05": 0.4066857638888889,
        "06": 0.2994506448412699
      }
    },
    "null": {
      "mean": 0.0,
      "ci_low": 0.0,
      "ci_high": 0.0,
      "n_scopes": 6,
      "scope_values": {
        "02": 0.0,
        "01": 0.0,
        "03": 0.0,
        "06": 0.0,
        "05": 0.0,
        "04": 0.0
      }
    },
    "sqlite-chunked-hybrid": {
      "mean": 0.4543,
      "ci_low": 0.4063,
      "ci_high": 0.5024,
      "n_scopes": 6,
      "scope_values": {
        "01": 0.4235327380952381,
        "02": 0.48180208333333335,
        "03": 0.3807291666666667,
        "04": 0.5345104166666667,
        "05": 0.5198697916666667,
        "06": 0.38553695436507934
      }
    }
  },
  "d1_pairwise_tests": [
    {
      "adapter_a": "cognee",
      "adapter_b": "compaction",
      "mean_a": 0.4208,
      "mean_b": 0.2448,
      "statistic": 0.0,
      "p_value": 0.0312,
      "effect_size": 1.0,
      "n_scopes": 6,
      "sig": "*"
    },
    {
      "adapter_a": "cognee",
      "adapter_b": "graphiti",
      "mean_a": 0.4208,
      "mean_b": 0.3926,
      "statistic": 3.0,
      "p_value": 1.0,
      "effect_size": 0.0,
      "n_scopes": 3,
      "sig": ""
    },
    {
      "adapter_a": "cognee",
      "adapter_b": "letta",
      "mean_a": 0.4208,
      "mean_b": 0.3266,
      "statistic": 1.0,
      "p_value": 0.0625,
      "effect_size": 0.9048,
      "n_scopes": 6,
      "sig": ""
    },
    {
      "adapter_a": "cognee",
      "adapter_b": "letta-sleepy",
      "mean_a": 0.4208,
      "mean_b": 0.3221,
      "statistic": 0.0,
      "p_value": 0.0312,
      "effect_size": 1.0,
      "n_scopes": 6,
      "sig": "*"
    },
    {
      "adapter_a": "cognee",
      "adapter_b": "mem0-raw",
      "mean_a": 0.4208,
      "mean_b": 0.3295,
      "statistic": 0.0,
      "p_value": 0.0312,
      "effect_size": 1.0,
      "n_scopes": 6,
      "sig": "*"
    },
    {
      "adapter_a": "cognee",
      "adapter_b": "null",
      "mean_a": 0.4208,
      "mean_b": 0.0,
      "statistic": 0.0,
      "p_value": 0.0312,
      "effect_size": 1.0,
      "n_scopes": 6,
      "sig": "*"
    },
    {
      "adapter_a": "cognee",
      "adapter_b": "sqlite-chunked-hybrid",
      "mean_a": 0.4208,
      "mean_b": 0.4543,
      "statistic": 5.0,
      "p_value": 0.3125,
      "effect_size": -0.5238,
      "n_scopes": 6,
      "sig": ""
    },
    {
      "adapter_a": "compaction",
      "adapter_b": "graphiti",
      "mean_a": 0.1993,
      "mean_b": 0.3926,
      "statistic": 0.0,
      "p_value": 0.25,
      "effect_size": -1.0,
      "n_scopes": 3,
      "sig": ""
    },
    {
      "adapter_a": "compaction",
      "adapter_b": "letta",
      "mean_a": 0.2448,
      "mean_b": 0.3266,
      "statistic": 5.0,
      "p_value": 0.3125,
      "effect_size": -0.5238,
      "n_scopes": 6,
      "sig": ""
    },
    {
      "adapter_a": "compaction",
      "adapter_b": "letta-sleepy",
      "mean_a": 0.2448,
      "mean_b": 0.3221,
      "statistic": 3.0,
      "p_value": 0.1562,
      "effect_size": -0.7143,
      "n_scopes": 6,
      "sig": ""
    },
    {
      "adapter_a": "compaction",
      "adapter_b": "mem0-raw",
      "mean_a": 0.2448,
      "mean_b": 0.3295,
      "statistic": 2.0,
      "p_value": 0.0938,
      "effect_size": -0.8095,
      "n_scopes": 6,
      "sig": ""
    },
    {
      "adapter_a": "compaction",
      "adapter_b": "null",
      "mean_a": 0.2448,
      "mean_b": 0.0,
      "statistic": 0.0,
      "p_value": 0.0625,
      "effect_size": 1.0,
      "n_scopes": 6,
      "sig": ""
    },
    {
      "adapter_a": "compaction",
      "adapter_b": "sqlite-chunked-hybrid",
      "mean_a": 0.2448,
      "mean_b": 0.4543,
      "statistic": 0.0,
      "p_value": 0.0312,
      "effect_size": -1.0,
      "n_scopes": 6,
      "sig": "*"
    },
    {
      "adapter_a": "graphiti",
      "adapter_b": "letta",
      "mean_a": 0.3926,
      "mean_b": 0.2884,
      "statistic": 1.0,
      "p_value": 0.5,
      "effect_size": 0.6667,
      "n_scopes": 3,
      "sig": ""
    },
    {
      "adapter_a": "graphiti",
      "adapter_b": "letta-sleepy",
      "mean_a": 0.3926,
      "mean_b": 0.2843,
      "statistic": 1.0,
      "p_value": 0.5,
      "effect_size": 0.6667,
      "n_scopes": 3,
      "sig": ""
    },
    {
      "adapter_a": "graphiti",
      "adapter_b": "mem0-raw",
      "mean_a": 0.3926,
      "mean_b": 0.3217,
      "statistic": 1.0,
      "p_value": 0.5,
      "effect_size": 0.6667,
      "n_scopes": 3,
      "sig": ""
    },
    {
      "adapter_a": "graphiti",
      "adapter_b": "null",
      "mean_a": 0.3926,
      "mean_b": 0.0,
      "statistic": 0.0,
      "p_value": 0.25,
      "effect_size": 1.0,
      "n_scopes": 3,
      "sig": ""
    },
    {
      "adapter_a": "graphiti",
      "adapter_b": "sqlite-chunked-hybrid",
      "mean_a": 0.3926,
      "mean_b": 0.4303,
      "statistic": 3.0,
      "p_value": 1.0,
      "effect_size": 0.0,
      "n_scopes": 3,
      "sig": ""
    },
    {
      "adapter_a": "letta",
      "adapter_b": "letta-sleepy",
      "mean_a": 0.3266,
      "mean_b": 0.3221,
      "statistic": 9.0,
      "p_value": 0.8438,
      "effect_size": 0.1429,
      "n_scopes": 6,
      "sig": ""
    },
    {
      "adapter_a": "letta",
      "adapter_b": "mem0-raw",
      "mean_a": 0.3266,
      "mean_b": 0.3295,
      "statistic": 10.0,
      "p_value": 1.0,
      "effect_size": -0.0476,
      "n_scopes": 6,
      "sig": ""
    },
    {
      "adapter_a": "letta",
      "adapter_b": "null",
      "mean_a": 0.3266,
      "mean_b": 0.0,
      "statistic": 0.0,
      "p_value": 0.0312,
      "effect_size": 1.0,
      "n_scopes": 6,
      "sig": "*"
    },
    {
      "adapter_a": "letta",
      "adapter_b": "sqlite-chunked-hybrid",
      "mean_a": 0.3266,
      "mean_b": 0.4543,
      "statistic": 0.0,
      "p_value": 0.0312,
      "effect_size": -1.0,
      "n_scopes": 6,
      "sig": "*"
    },
    {
      "adapter_a": "letta-sleepy",
      "adapter_b": "mem0-raw",
      "mean_a": 0.3221,
      "mean_b": 0.3295,